Ca,Fe,Mg,target
7.528949999999999,7.79385,3.9195,basalt
7.593299999999999,7.62609,4.04613,basalt
7.40025,7.90569,6.48225,basalt
5.48405,7.730939999999999,11.84292,basalt
7.12855,7.87074,5.85513,basalt
6.7639000000000005,7.48629,6.42798,basalt
7.21435,7.68201,5.13756,basalt
6.635199999999999,8.415959999999998,7.00686,basalt
7.743449999999999,7.828799999999999,5.11947,basalt
7.228649999999999,8.171309999999998,5.77674,basalt
7.571849999999999,8.05947,4.60089,basalt
6.99985,7.78686,6.596819999999999,basalt
7.6219,7.80084,5.02902,basalt
6.527950000000001,8.227229999999999,4.60692,basalt
7.21435,8.19927,5.13756,basalt
6.8354,8.80041,2.80998,basalt
5.78435,8.3181,7.157609999999999,basalt
7.722,7.8987,5.6079,basalt
8.293999999999999,7.409399999999999,4.8843,basalt
7.722,9.087,4.0401,basalt
7.507499999999999,8.5278,3.1356,basalt
6.006,6.8502,5.547599999999999,basalt
6.864,7.339499999999999,3.4371,basalt
7.0785,7.479299999999999,4.1607,basalt
7.292999999999999,7.7589,5.3064,basalt
7.436,7.7589,4.2813,basalt
7.650499999999999,7.7589,4.2813,basalt
7.507499999999999,7.5492,3.9798,basalt
4.7619,8.57673,15.36444,basalt
8.050899999999999,8.65362,6.054119999999999,basalt
5.98455,8.43693,10.07613,basalt
6.8854500000000005,8.40198,3.72654,basalt
7.95795,7.919669999999999,4.53456,basalt
7.0356,8.70954,3.58182,basalt
7.650499999999999,7.688999999999999,4.5828,basalt
7.507499999999999,8.19927,3.70242,basalt
6.527950000000001,7.64007,5.45715,basalt
7.3216,7.8987,4.24512,basalt
7.864999999999999,7.695989999999999,4.69134,basalt
8.065199999999999,7.98957,4.19688,basalt
7.9651,7.26261,4.37175,basalt
6.9641,8.730509999999999,3.4371,basalt
6.79965,8.13636,4.21497,basalt
7.4932,7.304549999999999,3.7386,basalt
6.878299999999999,8.06646,3.68433,basalt
7.7935,8.038499999999999,5.493329999999999,basalt
7.7935,8.038499999999999,5.51745,basalt
7.864999999999999,8.038499999999999,5.1858,basalt
7.650499999999999,7.968599999999999,5.33052,basalt
7.507499999999999,8.2482,5.42097,basalt
7.864999999999999,8.038499999999999,5.31243,basalt
7.579,7.968599999999999,5.37876,basalt
7.471749999999999,7.688999999999999,3.83508,basalt
7.0785,8.1084,3.4974,basalt
7.24295,7.975589999999999,3.71448,basalt
7.4217,8.08743,3.66021,basalt
7.686249999999999,7.83579,4.06422,basalt
7.650499999999999,7.688999999999999,4.221,basalt
7.650499999999999,7.968599999999999,4.7637,basalt
7.9079,7.737929999999999,4.17276,basalt
7.707699999999999,7.765889999999999,4.709429999999999,basalt
7.579,7.619099999999999,4.703399999999999,basalt
7.579,7.72395,4.91445,basalt
7.95795,7.737929999999999,4.4019,basalt
7.9794,7.60512,4.36572,basalt
7.9651,7.5492,4.47426,basalt
7.9794,7.619099999999999,4.3596900000000005,basalt
8.20105,7.66104,4.29336,basalt
8.11525,7.737929999999999,4.34763,basalt
7.9365,7.72395,4.4019,basalt
7.97225,7.7589,4.43808,basalt
7.95795,7.63308,4.29336,basalt
7.9937,7.423379999999999,4.43808,basalt
7.45745,7.975589999999999,3.90744,basalt
7.772049999999999,7.84278,4.05819,basalt
7.3359,8.44392,4.24512,basalt
6.7925,7.68201,6.349589999999999,basalt
4.81195,8.681579999999999,12.46401,basalt
8.151,8.457899999999999,3.58785,basalt
6.7925,8.2482,7.899299999999999,basalt
6.2348,6.7872900000000005,3.53961,basalt
8.40125,5.82966,6.18678,basalt
7.3359,7.947629999999999,5.14359,basalt
5.3482,8.78643,8.67114,basalt
5.72,8.59071,11.98764,basalt
9.21635,6.79428,4.21497,basalt
6.12755,9.387569999999998,2.63511,basalt
6.048900000000001,9.61125,2.50245,basalt
6.928349999999999,10.42908,3.17781,basalt
7.471749999999999,9.66018,3.29841,basalt
6.6781,10.53393,3.64815,basalt
6.9498,10.29627,3.06324,basalt
6.8854500000000005,8.77245,3.28032,basalt
4.29,7.591139999999999,1.41102,basalt
4.833399999999999,8.25519,1.95372,basalt
7.81495,7.765889999999999,4.13658,basalt
7.579,8.15733,4.07628,basalt
7.97225,8.681579999999999,4.426019999999999,basalt
8.2225,7.849769999999999,4.72752,basalt
6.098949999999999,7.940639999999999,2.52657,basalt
6.6638,9.17088,2.74365,basalt
6.7639000000000005,9.31767,2.78586,basalt
5.019299999999999,8.20626,1.91151,basalt
5.433999999999999,10.08657,2.7979199999999995,basalt
7.50035,7.5492,2.94264,basalt
5.812950000000001,8.35305,2.51451,basalt
6.7353,9.345629999999998,2.49642,basalt
6.628049999999999,9.74406,4.75164,basalt
7.0356,9.14292,4.51044,basalt
5.72,10.40811,3.1356,basalt
7.04275,9.394559999999998,4.12452,basalt
3.78235,9.19185,3.76272,basalt
8.04375,8.72352,4.10643,basalt
7.6076,8.89827,4.72149,basalt
8.14385,9.114959999999998,4.426019999999999,basalt
7.84355,9.7161,3.89538,basalt
8.122399999999999,8.10141,3.53961,basalt
8.179599999999999,9.26874,4.04613,basalt
6.79965,9.345629999999998,4.55868,basalt
7.9794,8.61168,4.31145,basalt
7.178599999999999,9.94677,3.75669,basalt
7.72915,8.506829999999999,4.01598,basalt
6.7639000000000005,9.35961,3.47328,basalt
5.7629,9.107969999999998,3.96774,basalt
7.70055,7.1997,3.75669,basalt
6.02745,10.30326,2.97279,basalt
7.3788,9.02409,3.92553,basalt
7.54325,8.919239999999999,3.88935,basalt
4.71185,8.87031,1.89342,basalt
6.2205,8.30412,2.77983,basalt
7.8793,9.28272,4.26924,basalt
4.85485,7.947629999999999,1.9899,basalt
5.913049999999999,7.72395,3.22605,basalt
4.38295,8.86332,1.39293,basalt
6.12755,11.38671,3.72654,basalt
8.1653,8.71653,3.87126,basalt
8.30115,8.499839999999999,5.14359,basalt
7.8364,8.15733,5.4089100000000006,basalt
9.25925,8.04549,5.88528,basalt
8.2225,8.2482,6.102359999999999,basalt
8.02945,8.61168,5.7043800000000005,basalt
8.40125,8.11539,5.97573,basalt
7.986549999999999,8.36004,5.88528,basalt
8.5085,8.2482,5.752619999999999,basalt
8.272549999999999,8.457899999999999,5.499359999999999,basalt
8.2654,8.58372,5.77071,basalt
8.68725,7.75191,4.733549999999999,basalt
8.73015,7.828799999999999,6.3918,basalt
8.98755,7.919669999999999,4.61898,basalt
9.01615,7.66104,5.71644,basalt
7.9937,7.737929999999999,6.14457,basalt
8.429849999999998,7.828799999999999,5.31846,basalt
9.55955,7.577159999999999,4.93254,basalt
8.67295,7.688999999999999,5.288309999999999,basalt
9.10195,7.220669999999999,5.77674,basalt
8.951799999999999,7.339499999999999,5.69232,basalt
8.129549999999998,9.04506,5.047109999999999,basalt
8.17245,8.8074,5.07123,basalt
8.537099999999999,7.234649999999999,6.47019,basalt
9.2664,6.885149999999999,6.48225,basalt
8.065199999999999,8.61168,4.75767,basalt
8.1367,8.48586,4.456169999999999,basalt
8.2654,6.54264,7.19379,basalt
7.714849999999999,8.42994,5.71041,basalt
7.5504,9.02409,3.08736,basalt
7.97225,7.612109999999999,5.80689,basalt
6.91405,5.962469999999999,4.50441,basalt
9.85985,7.40241,4.84812,basalt
7.6362,8.72352,5.55363,basalt
7.564699999999999,7.241639999999999,5.788799999999999,basalt
8.129549999999998,7.353479999999999,6.42798,basalt
8.8231,6.996989999999999,3.64212,basalt
8.10095,7.695989999999999,3.64212,basalt
8.365499999999999,7.688999999999999,5.246099999999999,basalt
8.866,7.828799999999999,4.93254,basalt
9.152,7.08786,5.33052,basalt
8.722999999999999,5.92053,5.246099999999999,basalt
9.0662,7.31154,4.7637,basalt
8.98755,7.017959999999999,5.31846,basalt
6.08465,11.72922,2.77983,basalt
8.60145,8.32509,4.20291,basalt
7.829249999999999,8.730509999999999,4.02201,basalt
9.6525,6.479729999999999,4.32954,basalt
7.807799999999999,8.82837,3.93156,basalt
6.935499999999999,10.71567,3.2019299999999995,basalt
7.67195,8.702549999999999,5.57172,basalt
7.61475,9.59028,4.20894,basalt
6.985549999999999,10.96731,3.71448,basalt
7.4932,6.58458,7.50132,basalt
6.098949999999999,9.30369,6.44004,basalt
8.0795,6.759329999999999,3.35871,basalt
7.2215,9.21282,4.26321,basalt
7.4217,9.24777,4.00392,basalt
8.77305,5.773739999999999,5.39082,basalt
7.722,6.353909999999999,5.13756,basalt
8.2511,8.81439,4.02804,basalt
7.3931,8.32509,3.4371,basalt
7.886449999999999,9.77202,4.17276,basalt
7.7935,9.345629999999998,4.01598,basalt
7.15,10.331219999999998,3.44916,basalt
7.4217,9.96774,3.53358,basalt
7.15715,10.86945,3.00897,basalt
6.44215,10.4151,2.88837,basalt
7.0928,9.79299,3.09942,basalt
7.350199999999999,9.32466,3.63609,basalt
7.0928,10.54092,3.30444,basalt
7.6648,8.276159999999999,3.48534,basalt
6.91405,9.82095,3.08736,basalt
6.728149999999999,10.07259,3.08736,basalt
6.8211,9.19185,3.22002,basalt
5.84155,10.30326,2.72556,basalt
7.60045,9.93978,3.37077,basalt
8.2797,8.91225,3.6783,basalt
7.714849999999999,8.89827,3.34062,basalt
7.357349999999999,9.88386,3.15972,basalt
8.4084,8.62566,4.12452,basalt
7.943649999999999,9.9957,3.59991,basalt
8.35835,9.47145,4.05216,basalt
8.572849999999999,9.2268,5.14962,basalt
6.4064000000000005,11.09313,2.75571,basalt
7.14285,10.92537,3.0752999999999995,basalt
8.0795,10.31724,3.71448,basalt
6.456449999999999,10.2054,3.08133,basalt
6.985549999999999,9.91881,3.53961,basalt
8.24395,8.82138,3.95568,basalt
7.4932,9.786,3.6783,basalt
7.750599999999999,9.813959999999998,3.81096,basalt
7.586149999999999,10.01667,3.66021,basalt
6.74245,11.42166,3.11751,basalt
7.057049999999999,10.38015,2.97882,basalt
7.343049999999999,8.78643,3.3768,basalt
7.707699999999999,9.93279,3.52755,basalt
6.7782,11.17701,2.87631,basalt
7.650499999999999,8.58372,3.58785,basalt
8.37265,8.30412,4.31145,basalt
8.05805,8.72352,3.76875,basalt
7.436,9.61125,3.14163,basalt
7.7363,8.1084,4.02201,basalt
7.55755,8.471879999999999,4.54662,basalt
7.9222,8.415959999999998,4.6431,basalt
7.464599999999999,7.08786,4.62501,basalt
6.85685,8.30412,3.53358,basalt
6.5494,9.7161,2.6532,basalt
6.7782,9.66018,3.52152,basalt
7.37165,8.08743,3.73257,basalt
7.85785,8.84934,3.86523,basalt
8.6086,7.220669999999999,7.404839999999999,basalt
7.20005,8.171309999999998,5.61996,basalt
7.24295,8.82138,3.26826,basalt
6.513649999999999,10.47801,2.7979199999999995,basalt
7.90075,8.05248,5.288309999999999,basalt
6.048900000000001,10.21239,2.5929,basalt
6.49935,9.9957,2.85822,basalt
8.008,6.668459999999999,5.21595,basalt
7.9222,8.60469,4.36572,basalt
6.6638,11.736209999999998,3.29841,basalt
7.9651,8.926229999999999,4.0401,basalt
8.594299999999999,7.849769999999999,4.48029,basalt
4.7619,8.989139999999999,4.78179,basalt
8.10095,7.87074,5.31243,basalt
8.98755,7.48629,4.81194,basalt
9.03045,8.12937,4.71546,basalt
8.722999999999999,8.08743,4.709429999999999,basalt
7.929349999999999,8.61867,4.04613,basalt
7.95795,8.89827,4.37778,basalt
8.122399999999999,8.18529,4.20894,basalt
6.3206,9.21282,3.38886,basalt
5.8058,9.45747,3.32253,basalt
7.171449999999999,11.45661,2.03211,basalt
7.285849999999999,6.633509999999999,5.51745,basalt
6.74245,9.10098,2.27331,basalt
7.54325,8.48586,4.02804,basalt
8.0938,5.8017,4.49235,basalt
4.9049,7.1997,1.64016,basalt
7.24295,6.29799,3.54564,basalt
7.9365,5.0328,5.17977,basalt
8.3798,4.83009,5.14962,basalt
7.643349999999999,5.76675,3.99789,basalt
7.54325,6.27003,6.150599999999999,basalt
4.897749999999999,6.004409999999999,1.87533,basalt
7.95795,7.91268,2.53863,basalt
7.72915,8.61168,3.06324,basalt
7.60045,8.77245,3.41298,basalt
7.2501,10.044629999999998,3.54564,basalt
9.2235,2.9358,1.5074999999999998,basalt
6.635199999999999,7.619099999999999,2.26728,basalt
3.1603,5.27745,0.91053,basalt
8.6086,8.3181,4.69134,basalt
8.479899999999999,8.6676,4.679279999999999,basalt
6.64235,7.465319999999999,2.99088,basalt
7.943649999999999,9.54834,3.42504,basalt
8.0366,8.276159999999999,4.41999,basalt
7.97225,9.30369,3.85317,basalt
7.2215,8.751479999999999,3.2320800000000003,basalt
6.44215,8.39499,3.02706,basalt
7.95795,9.05904,2.99088,basalt
6.05605,9.44349,2.50245,basalt
7.15,8.79342,2.93058,basalt
7.328749999999999,8.262179999999999,3.75066,basalt
7.350199999999999,8.61867,3.55167,basalt
7.72915,8.60469,3.18987,basalt
6.7639000000000005,9.58329,3.37077,basalt
6.69955,9.07302,2.8341,basalt
5.376799999999999,6.58458,2.58687,basalt
5.133699999999999,8.05947,1.6281,basalt
4.88345,8.44392,1.55574,basalt
4.44015,8.53479,1.27836,basalt
5.54125,7.073879999999999,2.18889,basalt
3.9039,8.29713,0.92259,basalt
7.7792,6.724379999999999,7.332479999999999,basalt
7.028449999999999,7.2696,4.08231,basalt
6.284849999999999,6.955049999999999,3.52755,basalt
6.79965,6.374879999999999,3.75669,basalt
6.3635,6.829229999999999,3.95568,basalt
5.4197,7.66104,3.80493,basalt
7.2787,7.51425,3.40092,basalt
5.584149999999999,8.35305,3.09942,basalt
8.8231,7.409399999999999,4.81194,basalt
7.15,7.695989999999999,4.32351,basalt
7.8793,8.42994,3.72654,basalt
7.0785,7.926659999999999,4.11246,basalt
7.028449999999999,8.15733,8.12241,basalt
7.6791,7.108829999999999,5.481269999999999,basalt
6.9784,9.107969999999998,2.65923,basalt
6.05605,9.48543,2.74968,basalt
6.864,9.30369,2.54466,basalt
8.908900000000001,8.695559999999999,3.74463,basalt
6.935499999999999,6.96903,3.66021,basalt
7.0785,8.28315,3.72051,basalt
6.628049999999999,7.772879999999999,4.29939,basalt
6.106099999999999,10.51995,3.63006,basalt
5.977399999999999,7.74492,3.2320800000000003,basalt
6.65665,8.33907,3.18384,basalt
6.1919,8.29014,3.69639,basalt
7.80065,6.7872900000000005,2.99691,basalt
6.6209,7.98957,5.19183,basalt
5.69855,8.95419,3.4371,basalt
7.20005,7.31154,3.86523,basalt
7.5504,7.570169999999999,3.38886,basalt
6.4922,7.17174,3.65418,basalt
7.72915,8.33208,3.46122,basalt
9.3093,8.06646,4.31748,basalt
7.2644,7.884719999999999,4.17276,basalt
7.507499999999999,8.66061,5.354640000000001,basalt
7.743449999999999,8.48586,3.95568,basalt
7.564699999999999,8.35305,3.92553,basalt
10.21735,7.647059999999999,3.72051,basalt
7.9365,7.968599999999999,4.83003,basalt
8.08665,7.612109999999999,4.1607,basalt
7.8364,7.500269999999999,5.42097,basalt
7.049899999999999,7.528229999999999,4.62501,basalt
8.351199999999999,8.57673,4.13658,basalt
7.4217,7.03893,3.98583,basalt
7.2501,10.45005,2.85219,basalt
5.927349999999999,7.79385,3.06324,basalt
5.977399999999999,7.346489999999999,3.52152,basalt
6.04175,8.36004,3.14766,basalt
7.0356,10.17744,2.94264,basalt
5.7772,8.730509999999999,2.82204,basalt
7.507499999999999,6.7872900000000005,3.61197,basalt
7.1357,10.44306,4.00392,basalt
6.3206,6.9201,3.50946,basalt
5.133699999999999,6.989999999999999,4.4019,basalt
7.178599999999999,7.220669999999999,4.37778,basalt
5.462599999999999,6.989999999999999,3.04515,basalt
4.926349999999999,6.284009999999999,5.4089100000000006,basalt
8.8231,7.409399999999999,4.81194,basalt
7.21435,7.730939999999999,3.72654,basalt
6.9784,6.56361,4.8843,basalt
7.12855,6.34692,3.82302,basalt
7.15715,5.94849,4.01598,basalt
7.21435,7.25562,3.83508,basalt
6.59945,6.92709,3.94965,basalt
6.54225,7.535219999999999,4.7637,basalt
6.170450000000001,8.37402,3.14163,basalt
5.433999999999999,7.66803,2.78586,basalt
6.7067000000000005,7.066889999999999,3.7386,basalt
6.3778,6.53565,3.97377,basalt
6.74245,7.570169999999999,4.39587,basalt
7.114249999999999,6.941069999999999,4.35366,basalt
7.743449999999999,7.29057,3.58785,basalt
7.643349999999999,7.2696,3.52152,basalt
8.236799999999999,7.96161,3.90141,basalt
8.6229,7.122809999999999,4.54059,basalt
7.028449999999999,8.15733,8.12241,basalt
8.908900000000001,8.695559999999999,3.74463,basalt
7.507499999999999,7.7169599999999985,3.69639,basalt
6.79965,6.374879999999999,3.75669,basalt
7.285849999999999,8.36004,8.3817,basalt
7.686249999999999,7.968599999999999,4.03407,basalt
7.6362,8.09442,4.49838,basalt
6.864,9.30369,2.54466,basalt
8.4084,7.542209999999999,4.23306,basalt
7.822099999999999,7.472309999999999,5.02902,basalt
6.59945,10.12152,2.98485,basalt
6.1633,8.11539,2.76777,basalt
6.506499999999999,7.479299999999999,5.14962,basalt
5.72,7.591139999999999,4.49838,basalt
3.41055,9.90483,2.90646,basalt
6.5351,7.96161,3.6783,basalt
4.6046000000000005,7.947629999999999,4.7637,basalt
2.4167,11.37972,2.44215,basalt
4.08265,8.39499,2.84013,basalt
3.1889,6.200129999999999,5.07726,basalt
4.22565,7.367459999999999,6.13854,basalt
3.03875,6.64749,12.15045,basalt
12.87,5.63394,0.89244,basalt
3.3319,7.360469999999999,4.00392,basalt
14.3715,6.97602,1.63413,basalt
12.99155,5.12367,1.1457,basalt
5.519799999999999,8.54877,0.1206,basalt
5.0622,8.213249999999999,0.1206,basalt
5.0336,8.975159999999999,0.1206,basalt
5.11225,7.877729999999999,0.10854,basalt
5.047899999999999,8.688569999999999,0.1145699999999999,basalt
4.9764,8.56974,0.1145699999999999,basalt
5.3339,7.1298,0.09648,basalt
5.105099999999999,7.996559999999999,0.1206,basalt
4.44015,6.878159999999999,0.0904499999999999,basalt
8.11525,8.11539,3.9195,basalt
5.42685,8.9472,2.15271,basalt
8.9375,7.79385,3.96171,basalt
8.2511,7.765889999999999,4.61898,basalt
6.864,6.76632,2.71953,basalt
4.2328,8.42295,16.13025,basalt
9.581,8.5278,6.33753,basalt
5.7057,7.479299999999999,2.16477,basalt
7.057049999999999,9.97473,3.8592,basalt
7.45745,9.387569999999998,3.70242,basalt
7.285849999999999,9.20583,3.90744,basalt
7.40025,10.14948,3.94362,basalt
7.764899999999999,8.84934,4.63104,basalt
7.864999999999999,8.227229999999999,4.5225,basalt
5.7057,5.33337,1.42308,basalt
2.93865,3.71868,0.97083,basalt
8.780199999999999,7.09485,5.82498,basalt
7.67195,8.639639999999998,3.93759,basalt
8.02945,7.91268,4.96269,basalt
8.47275,6.07431,4.07628,basalt
8.94465,6.165179999999999,4.1607,basalt
8.722999999999999,6.822239999999999,2.5929,basalt
0.858,1.50984,0.01206,basalt
7.643349999999999,6.885149999999999,4.12452,basalt
6.05605,7.807829999999999,2.33964,basalt
6.5923,7.003979999999999,3.34665,basalt
8.7516,6.556620000000001,5.0652,basalt
8.58715,6.42381,5.348609999999999,basalt
8.11525,6.38187,5.14962,basalt
7.9222,6.18615,5.11344,basalt
8.01515,6.242069999999999,5.14962,basalt
8.0938,6.256049999999999,5.228009999999999,basalt
7.9794,6.19314,5.13153,basalt
7.9937,6.45876,5.240069999999999,basalt
8.122399999999999,6.38886,5.1858,basalt
8.422699999999999,6.46575,5.33052,basalt
8.17245,6.30498,5.25213,basalt
8.1653,6.367889999999999,5.27022,basalt
8.479899999999999,6.242069999999999,5.45112,basalt
8.17245,6.437790000000001,5.27022,basalt
8.20105,6.39585,5.13756,basalt
8.0223,6.353909999999999,5.101380000000001,basalt
8.58,6.18615,5.77674,basalt
8.4942,6.17916,5.57775,basalt
8.63005,5.962469999999999,5.98176,basalt
8.866,6.353909999999999,5.67423,basalt
8.7659,6.137219999999999,5.71644,basalt
8.68725,6.10926,6.042059999999999,basalt
8.64435,5.92053,6.20487,basalt
8.58,5.94849,6.090299999999999,basalt
8.6944,5.94849,6.19281,basalt
6.61375,5.396279999999999,4.5225,basalt
6.6066,5.36832,4.57074,basalt
6.649500000000001,5.38929,4.64913,basalt
7.04275,5.63394,4.41396,basalt
8.008,6.430799999999999,5.6079,basalt
8.17245,6.374879999999999,5.80689,basalt
7.97225,6.06033,5.14359,basalt
4.9907,6.68244,1.62207,basalt
5.9059,7.479299999999999,2.1708,basalt
5.4483,7.15077,6.295319999999999,basalt
7.271549999999999,7.98258,3.88935,basalt
8.8231,7.409399999999999,4.81194,basalt
6.570849999999999,9.869879999999998,3.49137,basalt
6.9498,7.500269999999999,4.32954,basalt
7.9937,6.32595,4.6431,basalt
6.878299999999999,7.500269999999999,2.56275,basalt
7.464599999999999,6.29799,7.74252,basalt
7.350199999999999,6.318959999999999,7.652069999999999,basalt
8.30115,6.77331,7.27218,basalt
7.9079,6.97602,6.958619999999999,basalt
8.05805,6.04635,8.02593,basalt
8.83025,7.74492,3.77478,basalt
9.152,7.27659,3.8592,basalt
9.009,7.472309999999999,3.90141,basalt
8.65865,7.40241,3.95568,basalt
8.65865,8.241209999999999,3.88332,basalt
9.0233,7.339499999999999,3.93156,basalt
7.593299999999999,7.09485,4.05819,basalt
8.651499999999999,7.05291,4.2813,basalt
8.9804,6.605549999999999,4.61295,basalt
7.7363,7.27659,7.82694,basalt
8.837399999999999,6.9061200000000005,4.36572,basalt
9.31645,5.850629999999999,4.65516,basalt
3.3033,8.25519,17.89101,basalt
5.9059,7.807829999999999,10.30527,basalt
7.6076,7.37445,4.998869999999999,basalt
7.8507,8.961179999999999,3.2019299999999995,basalt
7.772049999999999,9.73008,3.52755,basalt
9.3093,7.40241,3.46725,basalt
8.7373,9.03807,3.05721,basalt
8.951799999999999,10.05861,3.64212,basalt
8.18675,8.84934,3.60594,basalt
7.436,7.702979999999999,5.08932,basalt
7.4217,7.695989999999999,5.05917,basalt
8.072349999999998,7.03893,3.42504,basalt
7.579,8.6676,3.3768,basalt
7.2215,7.479299999999999,5.9697000000000005,basalt
8.0366,0.11883,4.25718,basalt
7.81495,0.07689,4.57074,basalt
7.97225,0.1328099999999999,4.44411,basalt
6.756749999999999,9.26175,4.04613,basalt
9.0805,7.821809999999999,5.849099999999999,basalt
7.864999999999999,9.26175,4.49838,basalt
6.506499999999999,12.18357,3.74463,basalt
8.94465,8.031509999999999,5.17374,basalt
6.692399999999999,9.63921,4.43808,basalt
6.02745,11.05119,4.32954,basalt
5.4769,10.15647,5.85513,basalt
7.30015,10.71567,4.980779999999999,basalt
5.927349999999999,9.75804,4.23909,basalt
7.6076,7.37445,4.96269,basalt
7.357349999999999,8.70954,5.03505,basalt
8.64435,7.821809999999999,4.19688,basalt
6.07035,8.16432,3.38283,basalt
6.227650000000001,7.01097,3.29238,basalt
5.2195,6.871169999999999,5.427,basalt
8.0795,6.73137,5.33655,basalt
6.0775,7.64007,4.4019,basalt
6.97125,10.7646,4.0401,basalt
5.18375,7.21368,3.7386,basalt
3.718,6.871169999999999,3.618,basalt
4.3615,6.92709,3.2562,basalt
5.612749999999999,7.479299999999999,1.809,basalt
7.2215,8.56974,3.2320800000000003,basalt
7.67195,7.77987,3.78081,basalt
7.44315,8.40198,3.58182,basalt
7.54325,7.416389999999999,3.99789,basalt
7.20005,8.09442,3.40695,basalt
7.67195,7.416389999999999,4.1004,basalt
7.8364,7.66803,4.05216,basalt
7.84355,6.836219999999999,4.148639999999999,basalt
7.60045,8.234219999999999,3.76272,basalt
7.686249999999999,7.241639999999999,4.980779999999999,basalt
7.15,8.408969999999998,3.63609,basalt
7.114249999999999,7.55619,3.79287,basalt
6.94265,8.038499999999999,3.52152,basalt
8.2225,6.92709,3.85317,basalt
7.7792,6.92709,4.61295,basalt
8.2225,6.92709,3.85317,basalt
7.764899999999999,6.9061200000000005,4.11849,basalt
7.872149999999999,7.472309999999999,3.94362,basalt
7.764899999999999,7.066889999999999,4.13658,basalt
7.8364,7.003979999999999,3.90744,basalt
7.822099999999999,6.97602,3.88332,basalt
7.772049999999999,7.073879999999999,4.12452,basalt
6.97125,7.98957,3.31047,basalt
7.822099999999999,7.14378,4.41396,basalt
7.450299999999999,7.08786,3.97377,basalt
7.271549999999999,8.28315,3.35871,basalt
7.61475,7.101839999999999,3.75066,basalt
7.2787,7.975589999999999,3.63006,basalt
7.25725,8.36004,3.54564,basalt
7.20005,8.234219999999999,3.4974,basalt
7.2215,8.234219999999999,3.38886,basalt
7.6648,7.39542,4.05819,basalt
7.450299999999999,8.19927,3.55167,basalt
6.91405,8.877299999999998,3.26223,basalt
7.61475,7.31154,3.8592,basalt
7.686249999999999,7.66803,3.93759,basalt
7.8364,7.073879999999999,4.2813,basalt
7.90075,7.49328,3.61197,basalt
7.65765,7.598129999999999,4.26321,basalt
7.08565,8.996129999999999,3.34062,basalt
7.536099999999999,7.44435,3.83508,basalt
7.593299999999999,7.535219999999999,3.88935,basalt
7.7363,8.171309999999998,3.78684,basalt
7.75775,8.32509,3.79287,basalt
7.70055,6.948059999999999,4.09437,basalt
4.84055,8.33907,14.21271,basalt
7.564699999999999,8.37402,5.99985,basalt
6.54225,8.14335,9.20781,basalt
5.77005,8.16432,11.3967,basalt
4.2757000000000005,8.31111,15.768449999999998,basalt
4.833399999999999,8.2482,13.71222,basalt
7.764899999999999,7.29057,6.054119999999999,basalt
6.399249999999999,8.62566,8.34552,basalt
3.6179,8.36703,17.33625,basalt
8.437,7.059899999999999,4.96872,basalt
9.152,6.989999999999999,5.13153,basalt
6.4922,7.828799999999999,3.82905,basalt
6.349200000000001,8.9472,4.25115,basalt
8.722999999999999,6.52866,8.3214,basalt
8.866,6.45876,7.7184,basalt
8.5085,6.73137,7.356599999999999,basalt
9.5095,7.059899999999999,6.090299999999999,basalt
10.0815,6.79428,5.09535,basalt
9.724,6.989999999999999,4.95063,basalt
11.011,6.1512,4.48029,basalt
8.2225,8.6676,3.97377,basalt
7.650499999999999,9.2268,3.63609,basalt
8.293999999999999,7.828799999999999,2.80998,basalt
6.470750000000001,7.619099999999999,4.986809999999999,basalt
6.3778,7.68201,4.24512,basalt
6.392099999999999,7.591139999999999,4.31145,basalt
5.68425,6.717389999999999,4.87827,basalt
6.156149999999999,7.178729999999999,4.685309999999999,basalt
5.405399999999999,6.89214,4.2813,basalt
6.67095,7.01097,4.426019999999999,basalt
7.7792,7.98258,5.047109999999999,basalt
7.78635,7.98957,5.0652,basalt
7.772049999999999,8.1084,5.07123,basalt
7.7363,7.821809999999999,5.0652,basalt
7.707699999999999,8.04549,5.13756,basalt
7.72915,8.07345,5.10741,basalt
7.772049999999999,8.10141,5.08329,basalt
7.7935,8.19228,4.81194,basalt
7.84355,8.038499999999999,4.84209,basalt
7.8507,8.04549,4.96872,basalt
7.7935,8.12238,5.13756,basalt
7.650499999999999,8.11539,5.39082,basalt
7.629049999999999,8.12937,5.427,basalt
7.629049999999999,8.14335,5.37273,basalt
7.67195,8.10141,5.31243,basalt
7.67195,8.10141,5.27022,basalt
7.686249999999999,8.08743,5.13756,basalt
7.714849999999999,8.08044,5.16771,basalt
7.750599999999999,8.04549,5.1255,basalt
7.60045,8.16432,5.45715,basalt
7.722,8.06646,5.0652,basalt
7.8507,8.038499999999999,4.854150000000001,basalt
7.750599999999999,8.06646,5.11344,basalt
7.722,8.09442,5.13756,basalt
7.7363,7.98258,5.03505,basalt
7.750599999999999,7.98258,5.05314,basalt
7.764899999999999,7.975589999999999,5.02902,basalt
7.81495,7.96161,4.91445,basalt
7.750599999999999,7.996559999999999,5.041079999999999,basalt
7.84355,7.926659999999999,4.80591,basalt
7.743449999999999,7.98258,5.10741,basalt
7.7363,7.996559999999999,5.09535,basalt
7.7935,8.01054,4.998869999999999,basalt
7.722,7.975589999999999,5.07123,basalt
7.7363,7.975589999999999,5.08932,basalt
7.707699999999999,8.024519999999999,5.17374,basalt
7.643349999999999,8.05947,5.36067,basalt
7.9079,7.968599999999999,4.60692,basalt
7.436,8.29014,3.84714,basalt
7.4932,8.15034,3.80493,basalt
7.528949999999999,8.14335,3.84111,basalt
7.4932,8.13636,3.93759,basalt
6.9212,8.42295,3.4793099999999995,basalt
6.9212,8.415959999999998,3.4793099999999995,basalt
7.01415,8.471879999999999,3.5577,basalt
7.864999999999999,7.98258,4.679279999999999,basalt
7.886449999999999,7.975589999999999,4.65516,basalt
7.886449999999999,7.947629999999999,4.66119,basalt
7.85785,8.01753,4.709429999999999,basalt
7.85785,8.01054,4.75767,basalt
7.7935,7.96161,4.93254,basalt
7.772049999999999,8.05248,5.05917,basalt
7.6648,8.08044,5.42097,basalt
7.6076,8.10141,5.475239999999999,basalt
7.629049999999999,8.031509999999999,5.43906,basalt
7.6648,8.01054,5.33655,basalt
7.593299999999999,7.996559999999999,5.37273,basalt
7.5504,7.98258,5.475239999999999,basalt
7.54325,7.968599999999999,5.52348,basalt
7.54325,7.933649999999999,5.43906,basalt
7.4932,7.96161,5.58981,basalt
7.55755,8.003549999999999,5.39685,basalt
7.5504,7.919669999999999,5.34258,basalt
7.571849999999999,7.96161,5.348609999999999,basalt
7.6219,7.91268,5.25816,basalt
7.536099999999999,7.968599999999999,5.58981,basalt
7.55755,7.947629999999999,5.58378,basalt
7.54325,7.96161,5.56569,basalt
7.528949999999999,8.13636,5.55363,basalt
7.564699999999999,8.038499999999999,5.46318,basalt
7.650499999999999,8.04549,5.288309999999999,basalt
7.6362,7.8987,5.28228,basalt
7.643349999999999,7.90569,5.25816,basalt
7.6219,7.91268,5.31846,basalt
7.650499999999999,7.91268,5.19786,basalt
7.650499999999999,7.926659999999999,5.20389,basalt
7.629049999999999,7.968599999999999,5.27022,basalt
7.629049999999999,7.96161,5.246099999999999,basalt
7.629049999999999,7.968599999999999,5.25816,basalt
7.629049999999999,7.947629999999999,5.16771,basalt
7.6362,7.933649999999999,5.22198,basalt
7.60045,7.95462,5.300369999999999,basalt
7.6219,7.947629999999999,5.16771,basalt
7.6076,8.031509999999999,5.228009999999999,basalt
7.521799999999999,8.08044,5.44509,basalt
7.6648,8.01753,5.08329,basalt
7.707699999999999,7.996559999999999,4.986809999999999,basalt
7.686249999999999,7.975589999999999,4.992839999999999,basalt
7.764899999999999,7.91268,4.87827,basalt
7.772049999999999,7.926659999999999,4.87224,basalt
7.7363,7.95462,4.86621,basalt
7.707699999999999,7.86375,5.0652,basalt
7.7935,7.87074,4.9023900000000005,basalt
7.772049999999999,7.91268,4.95063,basalt
7.714849999999999,7.926659999999999,4.89033,basalt
7.70055,7.91268,4.980779999999999,basalt
7.72915,7.877729999999999,4.86621,basalt
7.7792,7.926659999999999,4.679279999999999,basalt
7.772049999999999,7.91268,4.79988,basalt
7.65765,7.940639999999999,4.96872,basalt
7.6362,7.98258,5.20389,basalt
7.72915,7.940639999999999,4.95666,basalt
7.6791,7.95462,4.95063,basalt
7.764899999999999,7.90569,4.87827,basalt
7.772049999999999,7.849769999999999,4.84209,basalt
7.807799999999999,7.884719999999999,4.685309999999999,basalt
7.75775,7.8987,4.86621,basalt
7.72915,7.814819999999999,4.91445,basalt
7.78635,7.86375,4.733549999999999,basalt
7.743449999999999,7.884719999999999,4.87827,basalt
7.7792,7.91268,4.733549999999999,basalt
7.743449999999999,7.884719999999999,4.78179,basalt
7.7363,8.12937,4.733549999999999,basalt
7.7935,7.926659999999999,4.6370700000000005,basalt
7.743449999999999,7.884719999999999,4.72149,basalt
7.7935,7.86375,4.64913,basalt
7.743449999999999,7.884719999999999,4.6370700000000005,basalt
7.764899999999999,7.90569,4.6431,basalt
7.81495,7.947629999999999,4.52853,basalt
7.822099999999999,7.828799999999999,4.456169999999999,basalt
7.750599999999999,7.891709999999999,4.66722,basalt
7.7792,7.91268,4.703399999999999,basalt
7.686249999999999,7.8987,4.97475,basalt
7.743449999999999,7.828799999999999,4.78179,basalt
7.75775,7.83579,4.66722,basalt
7.764899999999999,7.84278,4.679279999999999,basalt
7.6934,7.90569,4.91445,basalt
7.772049999999999,7.849769999999999,4.6431,basalt
0.9438,13.1412,3.17178,basalt
0.00715,8.81439,3.24414,basalt
6.94265,10.77159,4.432049999999999,basalt
6.94265,12.036779999999998,3.12354,basalt
7.207199999999999,10.568879999999998,3.06324,basalt
7.178599999999999,10.21938,2.9547000000000003,basalt
7.2501,10.2054,2.80998,basalt
7.579,8.178299999999998,3.9195,basalt
7.436,8.178299999999998,3.7989,basalt
7.579,8.178299999999998,3.8592,basalt
7.507499999999999,8.178299999999998,3.9195,basalt
6.935499999999999,8.457899999999999,3.4974,basalt
7.007000000000001,8.388,3.4974,basalt
7.007000000000001,8.457899999999999,3.5577,basalt
7.436,8.178299999999998,3.8592,basalt
7.9365,7.968599999999999,4.6431,basalt
7.864999999999999,7.968599999999999,4.7637,basalt
6.55655,7.339499999999999,5.71041,basalt
6.79965,7.919669999999999,5.05314,basalt
6.527950000000001,9.48543,2.44818,basalt
6.5494,9.47145,2.46024,basalt
6.649500000000001,9.33165,2.41803,basalt
6.878299999999999,9.63921,2.48436,basalt
6.649500000000001,9.17088,2.39391,basalt
6.506499999999999,9.66018,2.50848,basalt
6.649500000000001,9.37359,2.44818,basalt
6.5351,9.23379,2.35773,basalt
6.78535,9.345629999999998,2.4723,basalt
6.67095,9.38058,2.44215,basalt
6.685249999999999,9.387569999999998,2.46024,basalt
6.5637,9.35262,2.39391,basalt
6.3635,9.14292,2.33361,basalt
6.456449999999999,9.03807,2.33964,basalt
6.38495,8.961179999999999,2.31552,basalt
6.506499999999999,9.12195,2.38185,basalt
6.54225,9.21981,2.39391,basalt
6.470750000000001,9.10098,2.35773,basalt
6.649500000000001,9.26175,2.41803,basalt
6.091799999999999,9.25476,2.33361,basalt
5.848699999999999,8.88429,2.15874,basalt
6.08465,9.05904,2.33361,basalt
5.8916,8.76546,2.21904,basalt
6.098949999999999,9.09399,2.30949,basalt
5.848699999999999,8.80041,2.16477,basalt
5.8058,8.65362,2.14668,basalt
6.277699999999999,9.40854,2.43612,basalt
6.38495,9.66717,2.45421,basalt
6.19905,9.17088,2.41803,basalt
6.227650000000001,9.14292,2.43612,basalt
6.2205,8.89827,2.36376,basalt
6.156149999999999,8.77944,2.37582,basalt
6.156149999999999,8.77944,2.36376,basalt
5.7629,8.34606,2.15271,basalt
7.178599999999999,8.20626,3.53358,basalt
6.148999999999999,9.08001,2.39391,basalt
6.327749999999999,8.31111,2.53863,basalt
7.20005,8.388,3.38283,basalt
6.928349999999999,8.213249999999999,3.26826,basalt
5.9631,8.18529,2.32155,basalt
6.878299999999999,8.20626,3.12957,basalt
6.935499999999999,8.15034,3.17781,basalt
6.935499999999999,8.33208,2.73159,basalt
6.59945,8.42994,2.43612,basalt
5.99885,9.04506,2.22507,basalt
5.94165,8.77944,2.22507,basalt
6.635199999999999,8.513819999999999,2.42406,basalt
6.635199999999999,8.520809999999999,2.50245,basalt
5.99885,8.58372,2.22507,basalt
6.470750000000001,8.36703,2.41803,basalt
6.61375,8.42295,2.40597,basalt
5.991700000000001,8.70954,2.14065,basalt
5.991700000000001,8.269169999999999,2.11653,basalt
5.98455,8.61168,2.57481,basalt
6.08465,9.02409,2.33964,basalt
6.25625,9.41553,2.35773,basalt
6.227650000000001,9.06603,2.39391,basalt
6.4064000000000005,9.47145,2.48436,basalt
6.18475,9.12894,2.40597,basalt
6.1776,8.968169999999999,2.36376,basalt
6.148999999999999,8.926229999999999,2.36979,basalt
6.4922,8.996129999999999,2.33361,basalt
7.09995,9.56931,2.9245499999999995,basalt
7.14285,9.52038,2.94264,basalt
7.21435,9.7161,2.96676,basalt
7.164299999999999,9.387569999999998,2.96676,basalt
7.228649999999999,9.42252,3.02103,basalt
6.77105,9.855899999999998,2.68335,basalt
6.37065,9.28272,2.49039,basalt
7.107099999999999,9.46446,2.96676,basalt
7.357349999999999,9.84891,3.02103,basalt
7.15715,9.56931,2.97279,basalt
7.1357,9.33864,2.94264,basalt
6.992699999999999,9.2268,2.84013,basalt
7.31445,8.758469999999999,3.12354,basalt
7.271549999999999,8.79342,3.12354,basalt
7.3216,8.81439,3.14163,basalt
7.3359,8.84235,3.14163,basalt
7.385949999999999,8.877299999999998,3.17781,basalt
7.07135,8.639639999999998,3.06927,basalt
7.007000000000001,9.00312,3.20796,basalt
7.107099999999999,8.80041,3.14163,basalt
6.65665,8.58372,2.7135,basalt
6.8497,5.417249999999999,6.4521,basalt
6.649500000000001,5.00484,5.57172,basalt
5.7772,5.431229999999999,2.99691,basalt
5.44115,6.311969999999999,2.2914,basalt
3.99685,5.661899999999999,1.5858899999999998,basalt
5.462599999999999,6.54264,2.27331,basalt
5.48405,6.486719999999999,2.20698,basalt
6.95695,7.416389999999999,4.58883,basalt
7.9794,8.024519999999999,4.3416,basalt
7.586149999999999,8.67459,3.75066,basalt
7.285849999999999,7.828799999999999,4.28733,basalt
6.828250000000001,7.458329999999999,3.61197,basalt
7.643349999999999,7.50726,4.33557,basalt
8.193900000000001,7.968599999999999,3.84111,basalt
6.906899999999999,7.542209999999999,3.80493,basalt
8.365499999999999,7.339499999999999,5.52951,basalt
7.2215,6.62652,3.7989,basalt
7.436,12.022799999999998,2.38788,basalt
5.72715,11.2539,2.93661,basalt
7.7935,6.989999999999999,5.37273,basalt
6.864,8.1084,5.83704,basalt
8.1081,7.940639999999999,6.18678,basalt
6.5923,8.89827,5.294339999999999,basalt
7.407399999999999,7.91268,4.679279999999999,basalt
7.521799999999999,8.33907,4.4019,basalt
8.008,8.13636,4.34763,basalt
7.714849999999999,7.178729999999999,4.32954,basalt
8.515649999999999,6.9201,4.20894,basalt
8.44415,8.15733,4.148639999999999,basalt
9.15915,6.5007,3.95568,basalt
8.129549999999998,6.74535,3.29841,basalt
7.07135,7.67502,5.047109999999999,basalt
7.6934,7.884719999999999,5.19183,basalt
8.0938,7.96161,4.59486,basalt
8.2511,8.1084,4.2813,basalt
7.564699999999999,8.48586,5.42097,basalt
6.7067000000000005,8.234219999999999,6.150599999999999,basalt
6.470750000000001,8.737499999999999,10.77561,basalt
8.2082,9.35262,4.0401,basalt
8.30115,8.28315,4.37175,basalt
7.822099999999999,8.35305,4.25718,basalt
0.2145,2.1669,1.809,basalt
7.471749999999999,7.83579,5.487299999999999,basalt
8.44415,8.15733,4.148639999999999,basalt
9.15915,6.5007,3.95568,basalt
6.721,7.584149999999999,4.58883,basalt
4.82625,5.73879,4.08834,basalt
7.107099999999999,5.431229999999999,6.86214,basalt
5.72,7.98957,4.11849,basalt
5.62705,8.520809999999999,4.24512,basalt
6.170450000000001,8.06646,4.39587,basalt
6.0775,6.249059999999999,3.34062,basalt
4.91205,8.63265,2.76777,basalt
8.708699999999999,7.220669999999999,3.3768,basalt
8.1653,5.76675,2.76174,basalt
6.05605,7.108829999999999,4.07628,basalt
5.190899999999999,6.123239999999999,2.8280700000000003,basalt
4.9049,6.50769,2.78586,basalt
5.812950000000001,6.64749,3.25017,basalt
6.2062,5.850629999999999,2.64717,basalt
5.16945,6.41682,2.8280700000000003,basalt
5.9488,7.60512,4.32954,basalt
7.764899999999999,6.717389999999999,5.294339999999999,basalt
5.89875,7.25562,5.0049,basalt
8.97325,7.8987,5.01093,basalt
8.9947,7.500269999999999,4.78782,basalt
8.9804,7.44435,4.709429999999999,basalt
9.10195,7.63308,4.5225,basalt
3.39625,4.207979999999999,0.74169,basalt
6.277699999999999,7.367459999999999,4.41396,basalt
7.1357,7.48629,4.78782,basalt
7.2215,7.500269999999999,4.77576,basalt
7.528949999999999,7.917572999999999,3.53961,basalt
6.813949999999999,7.726047,4.79988,basalt
8.2797,10.2054,4.64913,basalt
5.59845,11.8131,3.40695,basalt
6.8354,11.3238,3.93156,basalt
8.74445,8.213249999999999,3.78081,basalt
2.8742999999999994,12.2325,3.84714,basalt
5.51265,7.968599999999999,4.178789999999999,basalt
5.9488,9.576299999999998,3.17781,basalt
6.02745,8.2482,4.57677,basalt
7.14285,7.8987,6.64506,basalt
7.507499999999999,8.6676,4.3416,basalt
5.047899999999999,9.0171,3.22002,basalt
5.48405,8.730509999999999,4.37175,basalt
3.49635,4.38972,0.97686,basalt
2.9315,4.36176,0.77184,basalt
6.449299999999999,6.80826,4.11849,basalt
6.928349999999999,7.185719999999999,4.84209,basalt
5.970249999999999,6.34692,4.6431,basalt
6.04175,7.1997,4.19085,basalt
6.0775,6.30498,4.33557,basalt
6.42785,6.284009999999999,4.90842,basalt
7.1214,8.506829999999999,4.16673,basalt
6.334899999999999,6.130229999999999,2.78586,basalt
6.3063,9.51339,4.43808,basalt
4.9478,7.465319999999999,5.73453,basalt
6.6638,8.08743,8.41185,basalt
6.2205,6.591569999999999,3.45519,basalt
5.95595,10.15647,3.7386,basalt
6.2205,11.86902,2.86425,basalt
7.21435,10.485,3.14163,basalt
8.050899999999999,9.93279,4.38984,basalt
6.728149999999999,5.424239999999999,2.5929,basalt
6.4207,4.24992,2.61099,basalt
5.62705,5.431229999999999,3.93759,basalt
6.4779,4.02624,2.58084,basalt
8.22965,6.486719999999999,5.51142,basalt
8.0938,7.919669999999999,5.849099999999999,basalt
7.6934,7.98258,4.148639999999999,basalt
8.02945,7.15776,4.8843,basalt
7.571849999999999,8.213249999999999,7.03098,basalt
8.008,7.619099999999999,3.33459,basalt
7.0785,7.688999999999999,6.5727,basalt
7.235799999999999,7.95462,4.31748,basalt
7.007000000000001,7.5492,4.37175,basalt
6.6209,8.13636,4.83606,basalt
6.635199999999999,7.066889999999999,4.57074,basalt
8.193900000000001,8.11539,4.824,basalt
6.7639000000000005,8.60469,4.04613,basalt
8.01515,7.38144,4.92048,basalt
7.15715,9.28971,4.178789999999999,basalt
8.2654,8.31111,4.57677,basalt
6.227650000000001,10.65975,4.05216,basalt
6.38495,10.00269,3.35871,basalt
6.399249999999999,8.241209999999999,3.06324,basalt
7.028449999999999,8.47887,3.53961,basalt
7.15,7.654049999999999,3.83508,basalt
7.24295,7.765889999999999,3.87729,basalt
7.178599999999999,7.66803,3.8592,basalt
7.228649999999999,7.64007,3.84714,basalt
7.350199999999999,7.5492,3.90141,basalt
7.343049999999999,7.98957,3.96774,basalt
7.2644,7.591139999999999,4.03407,basalt
7.350199999999999,7.68201,4.05216,basalt
7.450299999999999,7.68201,4.05216,basalt
7.3788,7.7169599999999985,4.09437,basalt
7.37165,7.74492,4.09437,basalt
7.528949999999999,7.79385,3.88332,basalt
7.44315,7.90569,3.92553,basalt
5.7772,8.6676,2.47833,basalt
7.37165,7.975589999999999,3.81699,basalt
5.2052,11.3238,5.89131,basalt
6.227650000000001,9.855899999999998,4.84209,basalt
4.36865,10.0656,7.700309999999999,basalt
4.954949999999999,7.56318,3.49137,basalt
0.7436,5.431229999999999,5.52951,basalt
6.392099999999999,9.77901,3.17178,basalt
3.5893,4.36875,1.5074999999999998,basalt
2.9601,4.50156,1.5738299999999998,basalt
4.297149999999999,3.37617,2.76174,basalt
7.01415,5.06076,4.6431,basalt
4.683249999999999,5.1027,3.00897,basalt
7.9651,4.70427,2.76777,basalt
6.435,5.73879,4.20291,basalt
6.098949999999999,6.96903,3.78684,basalt
5.577,7.730939999999999,5.746589999999999,basalt
5.78435,7.220669999999999,4.29939,basalt
5.977399999999999,7.01097,4.00995,basalt
6.44215,9.13593,4.31145,basalt
6.0203,7.535219999999999,3.3768,basalt
6.04175,6.605549999999999,3.63609,basalt
5.9631,7.52124,3.27429,basalt
5.462599999999999,6.61254,3.20796,basalt
5.42685,6.899129999999999,3.93156,basalt
5.94165,5.22852,3.3285599999999995,basalt
4.9621,6.93408,2.88837,basalt
4.99785,7.15077,4.1607,basalt
6.42785,6.948059999999999,4.84209,basalt
7.1929,6.948059999999999,4.61295,basalt
6.1633,6.836219999999999,4.79988,basalt
5.577,7.8987,5.547599999999999,basalt
7.6076,5.731799999999999,3.57579,basalt
6.8211,6.61254,4.80591,basalt
7.45745,6.45876,5.01093,basalt
7.4789,7.122809999999999,4.31145,basalt
7.772049999999999,6.45876,2.93661,basalt
7.6076,5.76675,3.76272,basalt
5.78435,5.40327,3.88935,basalt
6.79965,8.38101,6.38577,basalt
6.94265,8.01054,5.37876,basalt
7.750599999999999,8.32509,4.37175,basalt
7.714849999999999,9.00312,5.0652,basalt
7.7935,9.72309,4.69737,basalt
7.7363,9.37359,3.51549,basalt
4.718999999999999,10.59684,4.39587,basalt
7.24295,8.09442,4.80591,basalt
5.734299999999999,7.37445,4.154669999999999,basalt
6.77105,8.20626,5.240069999999999,basalt
5.970249999999999,8.11539,2.72556,basalt
7.1857500000000005,7.926659999999999,4.96269,basalt
7.629049999999999,8.55576,3.2019299999999995,basalt
7.571849999999999,8.71653,3.92553,basalt
7.579,8.82138,3.618,basalt
7.643349999999999,10.40811,3.50343,basalt
8.08665,8.77944,4.48632,basalt
8.90175,5.99043,5.234039999999999,basalt
7.028449999999999,6.68943,5.44509,basalt
6.7925,6.20712,5.25213,basalt
8.9375,5.60598,3.93759,basalt
10.153,5.773739999999999,3.15369,basalt
6.5923,7.38843,4.86018,basalt
10.48905,7.884719999999999,5.39685,basalt
6.392099999999999,7.619099999999999,5.14359,basalt
6.11325,8.06646,7.863119999999999,basalt
7.564699999999999,7.451339999999999,5.21595,basalt
7.471749999999999,7.64007,5.499359999999999,basalt
5.82725,8.038499999999999,7.74855,basalt
7.04275,7.619099999999999,5.55966,basalt
8.537099999999999,7.101839999999999,4.89636,basalt
6.7925,7.619099999999999,8.21889,basalt
7.864999999999999,7.975589999999999,3.87126,basalt
7.579,5.1027,4.703399999999999,basalt
7.650499999999999,5.4522,6.5727,basalt
8.0795,4.8231,2.3517,basalt
8.0795,4.8231,2.4723,basalt
8.0795,4.8231,2.3517,basalt
6.9212,8.05248,5.68026,basalt
6.9641,7.67502,5.68629,basalt
7.07135,8.08743,5.68026,basalt
7.04275,7.98957,5.71644,basalt
6.9498,7.32552,5.87925,basalt
7.464599999999999,6.374879999999999,4.62501,basalt
7.3645,7.612109999999999,4.66722,basalt
7.2644,7.31853,4.72752,basalt
7.44315,7.39542,4.64913,basalt
7.07135,7.926659999999999,5.843069999999999,basalt
6.97125,7.926659999999999,5.843069999999999,basalt
6.8926,7.15077,6.06015,basalt
7.436,7.67502,4.57074,basalt
7.44315,6.40983,4.709429999999999,basalt
7.772049999999999,5.57103,6.657119999999999,basalt
7.60045,5.165609999999999,4.71546,basalt
7.0213,8.5278,4.59486,basalt
9.366499999999998,6.549629999999999,3.44313,basalt
7.3645,7.479299999999999,4.95063,basalt
7.292999999999999,8.6676,4.5225,basalt
7.3645,6.955049999999999,5.39082,basalt
8.008,7.968599999999999,4.36572,basalt
5.08365,7.968599999999999,4.78179,basalt
6.29915,6.29799,4.178789999999999,basalt
5.24095,7.059899999999999,5.58981,basalt
7.579,6.27003,3.82905,basalt
8.437,6.18615,3.40695,basalt
8.437,7.409399999999999,5.246099999999999,basalt
7.14285,6.123239999999999,3.3768,basalt
7.2215,7.2696,4.6431,basalt
3.63935,11.06517,3.34665,basalt
6.628049999999999,4.41069,3.96774,basalt
5.3339,6.885149999999999,5.20992,basalt
10.1101,9.114959999999998,2.71953,basalt
6.5351,8.1084,4.61898,basalt
5.82725,8.388,5.903369999999999,basalt
6.0203,8.5278,4.685309999999999,basalt
7.650499999999999,7.8987,4.824,basalt
7.0785,8.6676,4.78782,basalt
6.7782,8.5977,4.89033,basalt
6.41355,6.50769,4.5828,basalt
7.864999999999999,8.178299999999998,4.3596900000000005,basalt
7.1357,8.3181,4.679279999999999,basalt
7.15,8.3181,2.68938,basalt
7.9365,8.038499999999999,4.18482,basalt
6.74245,7.968599999999999,5.17977,basalt
6.7925,7.8987,3.38283,basalt
7.579,6.58458,4.20291,basalt
7.7935,7.619099999999999,4.32351,basalt
8.437,7.479299999999999,4.3596900000000005,basalt
9.7955,6.69642,4.178789999999999,basalt
7.7935,8.038499999999999,4.61898,basalt
7.292999999999999,7.409399999999999,4.50441,basalt
6.54225,9.2268,4.5225,basalt
7.507499999999999,8.1084,4.54059,basalt
7.12855,8.5278,4.83606,basalt
6.69955,7.2696,5.1556500000000005,basalt
4.4044,7.688999999999999,13.6881,basalt
8.5085,7.828799999999999,3.59388,basalt
8.151,7.1298,4.21497,basalt
10.7965,6.96903,5.05917,basalt
6.728149999999999,8.9472,3.81699,basalt
6.334899999999999,9.9258,3.08736,basalt
8.008,6.2211,4.12452,basalt
7.7935,8.038499999999999,4.56471,basalt
7.7935,6.472739999999999,4.66722,basalt
9.295,7.968599999999999,4.43808,basalt
8.38695,6.256049999999999,6.283259999999999,basalt
7.743449999999999,6.437790000000001,5.541569999999999,basalt
7.385949999999999,8.19228,5.354640000000001,basalt
7.357349999999999,7.814819999999999,4.93857,basalt
7.72915,8.12238,4.00392,basalt
7.2215,8.003549999999999,4.221,basalt
7.807799999999999,8.58372,4.29336,basalt
7.15,6.96903,3.86523,basalt
7.207199999999999,6.437790000000001,3.72051,basalt
7.65765,6.61254,3.22605,basalt
7.15715,6.402839999999999,3.38283,basalt
6.4207,8.43693,2.88234,basalt
5.65565,8.20626,2.69541,basalt
5.226649999999999,8.464889999999999,2.412,basalt
5.162299999999999,9.44349,3.17781,basalt
6.4922,7.919669999999999,5.81292,basalt
5.7057,7.83579,9.08721,basalt
6.806799999999999,8.05248,5.21595,basalt
4.6904,8.213249999999999,13.89312,basalt
6.749599999999999,8.031509999999999,7.410869999999999,basalt
4.7047,8.15733,14.19462,basalt
8.71585,6.640499999999999,5.97573,basalt
9.33075,6.360899999999999,3.97377,basalt
7.650499999999999,8.1084,5.788799999999999,basalt
8.14385,6.52866,3.15972,basalt
7.6791,6.96204,3.2019299999999995,basalt
8.40125,8.29014,4.4622,basalt
7.3931,8.178299999999998,3.9195,basalt
9.11625,6.44478,5.294339999999999,basalt
7.764899999999999,7.2696,4.19688,basalt
7.436,6.65448,3.08133,basalt
7.6791,6.80127,4.89033,basalt
7.25725,7.059899999999999,3.4371,basalt
7.09995,7.367459999999999,3.58785,basalt
7.6362,7.849769999999999,3.4371,basalt
7.6362,7.17174,3.57579,basalt
7.7363,6.822239999999999,4.02201,basalt
7.350199999999999,7.968599999999999,3.96774,basalt
6.9784,7.64007,6.47019,basalt
8.3083,6.430799999999999,5.26419,basalt
8.5657,6.353909999999999,4.66722,basalt
7.7935,8.54178,4.20291,basalt
6.5923,7.647059999999999,3.17178,basalt
8.63005,6.96204,4.66722,basalt
6.08465,9.387569999999998,2.29743,basalt
7.61475,6.89214,4.3416,basalt
6.97125,7.849769999999999,3.53961,basalt
7.65765,7.115819999999999,4.35366,basalt
7.235799999999999,7.2696,4.19085,basalt
7.4789,9.80697,3.56976,basalt
7.450299999999999,9.59727,3.34665,basalt
7.6362,9.31767,3.54564,basalt
6.034599999999999,7.38843,5.1858,basalt
5.68425,8.744489999999999,4.8843,basalt
6.513649999999999,7.84278,4.22703,basalt
7.350199999999999,6.44478,7.02495,basalt
8.065199999999999,6.52866,6.72345,basalt
5.9059,7.968599999999999,3.73257,basalt
7.8364,8.53479,4.178789999999999,basalt
7.9079,6.32595,4.16673,basalt
7.8507,6.360899999999999,4.154669999999999,basalt
7.9937,6.472739999999999,3.49137,basalt
8.065199999999999,6.472739999999999,3.93759,basalt
8.01515,6.38886,3.62403,basalt
5.42685,8.57673,5.37273,basalt
4.34005,8.07345,5.0652,basalt
8.05805,8.20626,2.88837,basalt
7.7792,5.81568,5.300369999999999,basalt
1.76605,6.68244,7.0551,basalt
2.002,6.06033,6.2712,basalt
1.98055,6.752339999999999,6.6933,basalt
5.462599999999999,8.178299999999998,12.4218,basalt
7.72915,9.38058,3.60594,basalt
8.2797,8.06646,4.72752,basalt
8.0795,7.647059999999999,4.25115,basalt
8.20105,8.19228,4.45014,basalt
6.6638,9.70911,5.3064,basalt
6.7067000000000005,9.23379,4.59486,basalt
7.01415,9.14292,4.4622,basalt
6.749599999999999,8.751479999999999,4.79988,basalt
3.4606,8.933219999999999,4.33557,basalt
7.78635,8.220239999999999,4.58883,basalt
5.991700000000001,9.16389,4.32954,basalt
5.5484,8.25519,4.16673,basalt
5.798649999999999,8.269169999999999,3.64815,basalt
7.14285,7.91268,5.0049,basalt
7.7935,6.836219999999999,4.95666,basalt
7.3216,7.241639999999999,4.93857,basalt
7.6648,7.04592,5.3667,basalt
8.00085,6.76632,5.843069999999999,basalt
6.813949999999999,8.220239999999999,4.92048,basalt
6.399249999999999,6.62652,3.0752999999999995,basalt
7.586149999999999,6.97602,3.70845,basalt
6.1919,8.178299999999998,4.66119,basalt
6.091799999999999,7.62609,4.49235,basalt
6.456449999999999,7.472309999999999,4.02201,basalt
6.277699999999999,7.122809999999999,3.8592,basalt
6.148999999999999,7.346489999999999,3.8592,basalt
5.89875,6.85719,3.95568,basalt
6.05605,6.89214,3.66624,basalt
6.3635,7.115819999999999,3.4793099999999995,basalt
6.14185,6.521669999999999,4.07025,basalt
6.12755,7.38843,4.13055,basalt
6.59945,7.43037,4.96872,basalt
6.449299999999999,7.570169999999999,5.07726,basalt
6.9212,7.612109999999999,5.17977,basalt
5.41255,7.933649999999999,3.84714,basalt
11.23265,6.97602,5.38479,basalt
6.69955,6.97602,8.30331,basalt
7.21435,8.56974,4.69737,basalt
9.08765,8.1084,5.427,basalt
6.1204,6.318959999999999,4.50441,basalt
5.9345,7.577159999999999,4.60089,basalt
5.98455,6.77331,3.618,basalt
6.41355,6.948059999999999,4.57074,basalt
6.091799999999999,7.108829999999999,5.7285,basalt
6.29915,6.70341,4.36572,basalt
6.65665,6.92709,4.20894,basalt
8.52995,5.654909999999999,6.2712,basalt
9.17345,6.41682,5.43303,basalt
9.85985,6.27003,5.02902,basalt
9.07335,6.97602,5.228009999999999,basalt
8.866,6.17916,4.26321,basalt
8.122399999999999,6.514679999999999,4.1004,basalt
8.665799999999999,7.83579,4.75767,basalt
8.58715,7.709969999999999,4.733549999999999,basalt
9.0233,7.98957,4.74561,basalt
9.2664,7.947629999999999,4.986809999999999,basalt
9.144849999999998,8.003549999999999,4.95666,basalt
8.873149999999999,8.024519999999999,4.824,basalt
8.83025,8.038499999999999,4.709429999999999,basalt
8.3798,8.37402,5.1255,basalt
8.0795,8.408969999999998,4.79385,basalt
8.351199999999999,8.003549999999999,4.93254,basalt
8.45845,7.940639999999999,5.08932,basalt
8.537099999999999,7.828799999999999,5.662170000000001,basalt
8.4084,7.98957,6.048089999999999,basalt
8.0366,8.07345,4.95666,basalt
8.30115,7.91268,4.90842,basalt
8.32975,8.33907,4.87224,basalt
7.007000000000001,7.05291,8.96661,basalt
8.58,7.49328,3.62403,basalt
9.87415,7.5492,3.73257,basalt
6.527950000000001,8.457899999999999,7.00686,basalt
6.2491,11.99484,4.7637,basalt
6.7782,9.80697,3.22002,basalt
6.5923,9.77202,4.3596900000000005,basalt
3.7752,6.61254,3.70242,basalt
5.54125,6.76632,3.63006,basalt
5.21235,6.86418,3.52152,basalt
6.2205,7.1997,3.4974,basalt
4.46875,8.82837,3.93759,basalt
3.6751,7.79385,3.03309,basalt
5.32675,7.814819999999999,4.39587,basalt
1.859,10.74363,5.13153,basalt
3.8467,9.84891,3.06927,basalt
4.833399999999999,9.40854,3.2320800000000003,basalt
4.5617,8.8074,5.95161,basalt
4.71185,9.9258,4.91445,basalt
4.5617,9.66018,5.228009999999999,basalt
5.405399999999999,9.33864,5.93955,basalt
5.72,12.2325,3.64815,basalt
4.418699999999999,10.834499999999998,3.40695,basalt
4.12555,12.2325,3.38283,basalt
8.072349999999998,9.9957,4.25115,basalt
5.1766,9.4365,4.83606,basalt
5.2338,10.9044,3.76875,basalt
7.292999999999999,11.1141,3.99186,basalt
6.37065,9.4365,4.75767,basalt
6.628049999999999,8.457899999999999,4.63104,basalt
6.79965,9.2967,4.27527,basalt
5.98455,8.57673,4.54059,basalt
6.9025599500000006,6.57621996,4.9831317,basalt
7.06908345,5.8866285,3.53184939,basalt
7.131169004246015,6.239797259477596,4.204014618399327,basalt
6.92262701895923,6.6025823747146895,4.939667301965434,basalt
6.819353978826582,6.721056803124869,5.330122891063938,basalt
7.01670785162048,6.253818101905511,3.3261309750581627,basalt
6.931865713572234,6.261225855085109,3.4315386869966065,basalt
6.9816302254741744,6.143953093176841,3.86872051636832,basalt
7.1648575831397565,6.2938135748640605,4.101772988468414,basalt
6.8796628734831575,6.801087745724206,4.81272631116493,basalt
7.140935085968004,6.745906411398573,5.149404821281311,basalt
6.973156941541118,6.654557593887407,5.142297087868518,basalt
7.334106281367222,6.264690547985251,3.593331782638141,basalt
7.0642000000000005,6.32595,4.17276,basalt
7.6219,6.50769,5.08329,basalt
7.307300000000001,6.80127,4.54662,basalt
7.67195,6.73836,4.14261,basalt
6.89975,6.521669999999999,3.48534,basalt
6.7925,6.759329999999999,3.81096,basalt
5.21235,6.479729999999999,1.73664,basalt
7.51465,6.68244,3.91347,basalt
5.8058,10.89042,2.94264,basalt
7.100950587829662,8.559328732950911,3.4244783244701447,basalt
7.008843734653825,8.684027672920461,3.8265333853091272,basalt
6.972995907042816,8.836358343140015,3.071836634457879,basalt
6.973976916655784,9.111368516146811,3.153342592792067,basalt
7.800225001881597,8.774805137417006,4.083970457350362,basalt
7.452187005886837,8.723703878215556,3.759906247718572,basalt
6.732428442458618,8.171540051917567,4.004112936801227,basalt
7.7147447847007395,8.255313319929408,3.995406523896593,basalt
6.501046885991394,9.910515580894442,3.4550205688957063,basalt
7.839043187328782,8.39355149541831,4.087645121144129,basalt
6.664607147017405,8.335250554522549,3.604541326686504,basalt
6.688138486672678,8.439480793843865,4.076060864887588,basalt
7.988772149934004,6.512142637675153,5.103586127803696,basalt
7.406587335375799,6.355732877147583,5.4734337236350905,basalt
7.308182489674709,5.949205964640884,3.847305697956812,basalt
6.978124955328542,6.789598065334737,5.54914088350873,basalt
7.8976037680370546,6.436501005675724,5.295358479350332,basalt
7.432927776227238,6.478749778357424,5.377918431897469,basalt
9.310015,7.4909034,4.812543,basalt
8.272549999999999,7.465319999999999,3.7989,basalt
6.179250219999999,7.932011544,4.349008458,basalt
6.02043728,8.162581586999998,7.055333964,basalt
7.787905839999999,6.48922941,5.65401141,basalt
6.219044975,8.411710079999999,4.222623275999999,basalt
7.075444805,9.271855443,3.963698694,basalt
5.48405,7.40241,2.88234,basalt
6.2491,6.018389999999999,2.63511,basalt
5.05505,8.269169999999999,5.16771,basalt
6.985549999999999,8.926229999999999,3.53358,basalt
7.772049999999999,7.940639999999999,4.31748,basalt
7.7935,6.23508,5.42097,basalt
8.22246425,9.33102789,3.52966653,basalt
6.1776,6.38886,5.05314,basalt
5.08365,7.1298,5.02299,basalt
6.3063,6.81525,4.75164,basalt
5.577,7.31853,5.240069999999999,basalt
5.8058,7.25562,3.63609,basalt
5.09795,6.77331,5.10741,basalt
4.84055,7.84278,6.51843,basalt
5.4197,7.688999999999999,4.81194,basalt
5.291,7.178729999999999,4.8843,basalt
5.105099999999999,7.479299999999999,5.92146,basalt
5.06935,5.75976,3.25017,basalt
5.3911,6.598559999999999,4.55868,basalt
6.65665,6.2211,4.40793,basalt
5.51265,5.557049999999999,3.81096,basalt
5.870150000000001,4.927949999999999,3.15972,basalt
5.94165,6.752339999999999,4.95666,basalt
7.235799999999999,7.688999999999999,4.17276,basalt
5.047899999999999,8.11539,4.178789999999999,basalt
5.38395,8.08743,4.46823,basalt
5.29815,7.79385,4.4622,basalt
5.72,8.83536,3.38283,basalt
5.82725,8.688569999999999,5.01093,basalt
